order_id,customer_id,order_amount,order_timestamp
31277-1,31277,46.49,2020-12-17 20:16:09
31277-2,31277,182.12,2021-10-29 18:37:54
31277-3,31277,91.39,2022-02-25 20:45:49
31277-4,31277,69.6,2020-11-19 19:16:55
31277-5,31277,138.87,2023-03-10 23:06:25
31277-6,31277,169.77,2022-09-17 05:42:48
31277-7,31277,185.99,2021-11-22 17:22:53
31277-8,31277,98.74,2020-03-24 16:11:21
31277-9,31277,42.04,2023-07-04 10:18:45
31277-10,31277,138.56,2023-08-27 20:09:23
66841-1,66841,33.61,2022-07-26 19:04:32
66841-2,66841,51.48,2022-05-09 16:05:07
66841-3,66841,96.68,2020-11-22 03:14:53
66841-4,66841,83.09,2023-06-01 01:57:33
66841-5,66841,124.99,2023-01-09 16:43:26
66841-6,66841,38.44,2023-02-28 19:46:08
66841-7,66841,51.62,2023-02-16 19:38:25
66841-8,66841,117.03,2022-07-12 16:18:19
66841-9,66841,31.25,2022-07-14 18:37:27
66841-10,66841,128.83,2022-01-25 04:25:56
53830-1,53830,100.68,2023-02-28 13:22:16
53830-2,53830,56.82,2022-05-19 20:54:06
53830-3,53830,37.62,2023-03-23 16:22:30
53830-4,53830,132.9,2020-08-05 16:15:48
53830-5,53830,42.51,2023-01-20 16:56:18
53830-6,53830,44.87,2023-10-25 17:55:10
53830-7,53830,69.2,2020-08-08 20:55:38
53830-8,53830,59.65,2023-07-11 19:21:44
53830-9,53830,63.21,2023-08-25 20:47:56
53830-10,53830,62.39,2020-09-05 20:18:45
50057-1,50057,110.02,2023-02-08 20:02:22
50057-2,50057,51.75,2021-10-10 16:51:11
50057-3,50057,93.75,2020-11-22 20:01:40
50057-4,50057,88.08,2021-02-20 20:20:40
50057-5,50057,114.8,2023-09-02 18:43:43
50057-6,50057,167.99,2023-09-08 19:23:24
50057-7,50057,36.96,2023-06-13 23:17:50
50057-8,50057,86.36,2020-07-12 19:48:20
50057-9,50057,70.01,2020-06-28 16:29:55
50057-10,50057,161.47,2022-07-02 23:40:56
58584-1,58584,53.12,2022-09-28 20:38:23
58584-2,58584,118.88,2023-07-01 18:40:12
58584-3,58584,122.75,2020-03-02 06:22:04
58584-4,58584,64.84,2022-07-11 20:30:04
58584-5,58584,140.92,2021-05-02 19:08:51
58584-6,58584,39.84,2022-12-19 00:22:08
58584-7,58584,134.7,2021-12-26 06:33:38
58584-8,58584,148.59,2020-11-20 18:04:17
58584-9,58584,104.43,2022-11-30 16:33:24
58584-10,58584,66.6,2021-10-31 19:33:49
35785-1,35785,118.84,2021-10-28 20:54:49
35785-2,35785,152.59,2022-07-06 16:07:04
35785-3,35785,35.61,2023-04-25 17:17:31
35785-4,35785,96.57,2020-07-15 21:17:55
35785-5,35785,133.92,2022-04-09 16:27:50
35785-6,35785,49.82,2023-10-10 23:38:39
35785-7,35785,40.96,2020-12-12 17:04:07
35785-8,35785,148.69,2021-06-12 07:06:30
35785-9,35785,100.63,2022-02-28 17:41:33
35785-10,35785,123.01,2020-09-21 18:07:27
49380-1,49380,70.19,2020-08-07 01:13:43
49380-2,49380,131.21,2020-11-27 17:34:16
49380-3,49380,120.6,2023-05-17 19:32:02
49380-4,49380,53.04,2020-09-19 20:00:07
49380-5,49380,73.72,2021-10-16 17:44:37
49380-6,49380,180.36,2020-01-11 13:13:45
49380-7,49380,189.46,2020-04-05 18:03:08
49380-8,49380,42.71,2022-11-15 18:41:53
49380-9,49380,113.72,2023-11-30 15:35:24
49380-10,49380,81.81,2020-07-15 22:11:57
92660-1,92660,90.21,2020-12-31 19:57:19
92660-2,92660,119.84,2023-07-01 19:24:40
92660-3,92660,33.69,2020-05-23 19:17:17
92660-4,92660,131.36,2022-05-24 16:42:48
92660-5,92660,53.32,2020-10-28 11:14:04
92660-6,92660,118.35,2023-10-03 16:01:31
92660-7,92660,112.36,2021-02-10 17:11:54
92660-8,92660,128.55,2021-12-22 02:50:09
92660-9,92660,115.44,2020-12-20 17:48:39
92660-10,92660,65.05,2020-06-10 18:20:36
17697-1,17697,76.72,2022-03-05 20:58:50
17697-2,17697,77.83,2023-10-06 17:10:40
17697-3,17697,131.46,2022-01-25 03:45:10
17697-4,17697,152.58,2023-12-11 17:39:26
17697-5,17697,57.45,2022-08-28 18:01:30
17697-6,17697,54.01,2021-10-27 16:27:11
17697-7,17697,125.78,2022-03-12 18:19:27
17697-8,17697,92.81,2023-11-25 20:59:24
17697-9,17697,136.74,2020-03-09 16:31:07
17697-10,17697,49.44,2022-10-23 17:02:42
2667-1,2667,48.68,2022-11-20 16:44:17
2667-2,2667,93.44,2023-02-23 20:11:33
2667-3,2667,60.9,2022-04-16 18:29:22
2667-4,2667,166.49,2023-03-06 18:02:00
2667-5,2667,198.08,2020-10-05 16:28:26
2667-6,2667,139.13,2021-06-25 16:08:41
2667-7,2667,55.82,2022-12-13 20:40:02
2667-8,2667,174.95,2020-06-26 17:43:04
2667-9,2667,152.48,2023-01-29 20:04:11
2667-10,2667,128.23,2020-01-07 18:19:57
37326-1,37326,100.69,2021-12-22 17:42:18
37326-2,37326,167.96,2020-11-09 00:09:18
37326-3,37326,49.07,2021-06-11 07:55:54
37326-4,37326,59.14,2021-08-18 19:16:56
37326-5,37326,93.69,2023-08-24 06:04:54
37326-6,37326,133.12,2021-08-08 06:07:22
37326-7,37326,112.73,2022-01-29 22:22:55
37326-8,37326,45.37,2021-09-23 17:09:15
37326-9,37326,122.95,2021-04-04 09:37:57
37326-10,37326,167.78,2021-06-29 17:34:38
52997-1,52997,129.48,2021-11-21 17:35:06
52997-2,52997,122.64,2021-05-24 17:15:54
52997-3,52997,40.62,2020-10-25 18:07:57
52997-4,52997,40.86,2022-08-03 18:44:02
52997-5,52997,115.5,2023-03-26 17:16:16
52997-6,52997,48.56,2023-09-25 16:58:59
52997-7,52997,91.89,2021-12-13 17:41:33
52997-8,52997,83.85,2021-05-15 19:46:21
52997-9,52997,44.18,2020-03-08 16:09:00
52997-10,52997,40.13,2021-10-08 16:25:51
85925-1,85925,75.45,2023-08-14 08:19:19
85925-2,85925,123.27,2022-09-12 17:59:57
85925-3,85925,182.1,2021-03-09 23:45:13
85925-4,85925,173.33,2023-09-09 17:33:16
85925-5,85925,188.8,2023-02-26 20:11:50
85925-6,85925,83.43,2022-02-24 20:37:21
85925-7,85925,72.07,2022-08-26 01:09:22
85925-8,85925,189.51,2023-12-24 20:17:42
85925-9,85925,97.46,2021-06-28 20:36:56
85925-10,85925,170.66,2022-04-16 17:50:09
91676-1,91676,39.91,2023-12-03 19:47:35
91676-2,91676,73.76,2022-04-21 17:28:30
91676-3,91676,111.64,2021-09-18 17:44:04
91676-4,91676,28.29,2022-11-20 19:35:28
91676-5,91676,53.98,2021-10-06 18:39:59
91676-6,91676,99.65,2022-06-30 19:54:27
91676-7,91676,128.3,2020-03-10 17:08:17
91676-8,91676,123.54,2023-07-04 12:20:59
91676-9,91676,98.1,2022-07-24 16:13:40
91676-10,91676,118.01,2023-10-08 04:44:49
61581-1,61581,41.72,2020-11-30 17:35:41
61581-2,61581,41.83,2020-10-26 19:23:06
61581-3,61581,50.58,2020-07-28 17:41:26
61581-4,61581,70.13,2021-04-18 18:47:04
61581-5,61581,23.07,2021-12-19 20:37:33
61581-6,61581,48.29,2021-07-17 02:24:00
61581-7,61581,114.4,2022-10-30 17:19:56
61581-8,61581,86.09,2022-11-15 16:46:08
61581-9,61581,110.92,2022-12-09 19:41:27
61581-10,61581,31.46,2023-10-20 18:45:43
29642-1,29642,81.02,2023-12-11 17:47:31
29642-2,29642,172.21,2020-01-04 18:19:17
29642-3,29642,83.44,2023-08-22 20:17:13
29642-4,29642,57.71,2021-11-08 17:20:59
29642-5,29642,157.11,2020-09-17 02:42:25
29642-6,29642,181.47,2021-06-24 20:55:53
29642-7,29642,65.68,2022-10-07 17:24:40
29642-8,29642,158.68,2022-12-30 19:13:50
29642-9,29642,129.94,2023-11-03 22:29:38
29642-10,29642,79.71,2023-01-04 05:31:25
48718-1,48718,99.66,2021-04-10 18:46:12
48718-2,48718,41.01,2023-10-10 08:01:42
48718-3,48718,32.8,2023-08-05 17:40:43
48718-4,48718,137.88,2023-04-22 17:45:58
48718-5,48718,95.04,2023-11-13 19:23:57
48718-6,48718,79.31,2021-10-02 18:44:13
48718-7,48718,109.25,2022-06-13 07:39:39
48718-8,48718,32.38,2021-01-07 09:26:54
48718-9,48718,115.32,2022-08-18 07:43:49
48718-10,48718,83.56,2021-01-07 17:21:23
20306-1,20306,146.6,2021-01-25 19:12:59
20306-2,20306,54.77,2020-11-22 16:00:48
20306-3,20306,131.27,2023-10-26 06:04:39
20306-4,20306,42.57,2022-12-07 20:04:15
20306-5,20306,114.89,2021-11-01 20:44:21
20306-6,20306,65.23,2023-11-26 18:29:05
20306-7,20306,157.6,2022-11-04 20:01:59
20306-8,20306,136.29,2022-11-22 18:41:29
20306-9,20306,150.85,2020-12-10 16:01:17
20306-10,20306,56.08,2022-07-17 17:33:58
24047-1,24047,69.6,2023-09-29 20:07:04
24047-2,24047,95.5,2022-09-15 17:44:42
24047-3,24047,179.97,2021-11-26 19:50:40
24047-4,24047,118.03,2023-11-11 18:42:24
24047-5,24047,85.72,2023-04-19 20:25:16
24047-6,24047,137.27,2022-06-15 19:04:34
24047-7,24047,130.74,2020-09-21 19:45:55
24047-8,24047,104.44,2022-03-28 16:46:02
24047-9,24047,101.5,2023-04-02 20:33:25
24047-10,24047,102.79,2020-01-25 19:52:06
38503-1,38503,33.37,2020-11-08 18:16:29
38503-2,38503,59.85,2023-01-08 20:58:06
38503-3,38503,141.84,2021-07-26 19:20:08
38503-4,38503,35.48,2020-02-01 18:53:43
38503-5,38503,125.15,2022-10-28 17:11:06
38503-6,38503,136.09,2020-02-01 19:26:54
38503-7,38503,98.54,2022-01-24 20:08:56
38503-8,38503,36.4,2022-10-12 20:59:52
38503-9,38503,115.67,2021-06-22 20:35:40
38503-10,38503,139.98,2023-02-25 02:31:00
50151-1,50151,99.75,2023-07-18 19:40:39
50151-2,50151,62.81,2023-05-26 19:00:58
50151-3,50151,52.86,2020-06-20 19:48:50
50151-4,50151,83.3,2020-05-16 16:55:41
50151-5,50151,127.45,2023-01-24 20:52:52
50151-6,50151,76.93,2023-04-05 19:22:01
50151-7,50151,52.48,2022-07-25 19:56:04
50151-8,50151,76.9,2020-09-21 11:36:59
50151-9,50151,118.06,2023-06-23 20:04:35
50151-10,50151,28.9,2022-07-02 19:52:00
68453-1,68453,103.73,2023-01-18 19:38:47
68453-2,68453,129.51,2022-06-02 20:09:50
68453-3,68453,115.61,2020-02-27 16:38:51
68453-4,68453,60.03,2021-05-02 18:57:33
68453-5,68453,86.71,2020-03-03 18:39:29
68453-6,68453,55.25,2023-12-23 10:15:09
68453-7,68453,65.09,2022-12-10 04:11:53
68453-8,68453,69.36,2020-07-30 18:48:36
68453-9,68453,105.67,2021-09-17 15:00:14
68453-10,68453,69.92,2021-12-17 16:28:03
19840-1,19840,107.84,2021-12-22 17:39:55
19840-2,19840,63.03,2022-11-09 17:41:11
19840-3,19840,102.97,2022-09-09 15:58:06
19840-4,19840,57.73,2022-10-16 19:35:14
19840-5,19840,68.84,2023-10-25 17:07:18
19840-6,19840,101.14,2021-08-23 02:16:06
19840-7,19840,148.16,2022-02-20 16:21:52
19840-8,19840,50.98,2022-10-24 03:48:38
19840-9,19840,69.3,2023-02-22 19:44:31
19840-10,19840,107.05,2020-05-14 18:10:59
2012-1,2012,105.62,2023-04-10 19:13:19
2012-2,2012,85.13,2022-12-30 20:47:18
2012-3,2012,125.17,2020-01-02 17:43:43
2012-4,2012,174.21,2021-01-14 17:16:02
2012-5,2012,102.68,2021-11-04 16:39:23
2012-6,2012,155.59,2023-04-25 05:42:01
2012-7,2012,163.18,2020-01-22 12:50:18
2012-8,2012,52.29,2023-12-21 19:56:46
2012-9,2012,157.36,2022-06-25 03:07:15
2012-10,2012,128.85,2020-12-24 20:36:12
44213-1,44213,180.75,2021-12-08 00:38:15
44213-2,44213,182.57,2022-03-19 16:56:22
44213-3,44213,68.05,2022-11-07 18:39:11
44213-4,44213,113.66,2023-01-02 15:17:47
44213-5,44213,47.77,2020-02-13 11:38:18
44213-6,44213,85.85,2021-01-31 16:26:36
44213-7,44213,99.52,2020-02-24 17:15:14
44213-8,44213,204.26,2022-05-29 19:51:40
44213-9,44213,181.05,2023-06-24 04:23:52
44213-10,44213,170.28,2023-11-05 07:25:53
12258-1,12258,104.53,2021-05-12 17:24:54
12258-2,12258,48.13,2020-07-31 20:06:44
12258-3,12258,186.69,2023-05-04 14:13:59
12258-4,12258,124.18,2021-07-08 20:50:19
12258-5,12258,68.64,2023-09-07 16:11:33
12258-6,12258,65.41,2023-06-21 16:32:12
12258-7,12258,156.27,2021-07-22 16:19:53
12258-8,12258,111.86,2023-01-12 20:38:59
12258-9,12258,132.79,2020-01-22 19:27:27
12258-10,12258,167.51,2023-01-22 20:16:25
8594-1,8594,118.59,2021-10-20 16:20:59
8594-2,8594,36.28,2022-09-09 20:38:48
8594-3,8594,105.67,2021-05-08 22:14:59
8594-4,8594,59.16,2021-01-07 20:15:49
8594-5,8594,111.1,2023-08-25 20:24:01
8594-6,8594,68.13,2020-10-07 18:31:33
8594-7,8594,131.94,2022-05-11 22:10:19
8594-8,8594,68.79,2021-05-03 16:11:39
8594-9,8594,102.35,2023-05-03 15:09:53
8594-10,8594,143.37,2023-12-29 17:39:38
98354-1,98354,117.57,2022-12-30 10:33:49
98354-2,98354,133.5,2020-11-06 18:58:34
98354-3,98354,68.28,2023-08-21 17:22:54
98354-4,98354,79.6,2022-09-13 20:03:27
98354-5,98354,64.98,2021-09-06 18:49:28
98354-6,98354,36.6,2022-02-08 17:04:06
98354-7,98354,62.24,2023-12-04 18:39:07
98354-8,98354,131.14,2023-04-06 11:31:19
98354-9,98354,34.53,2021-05-27 17:44:07
98354-10,98354,88.69,2023-12-17 16:50:11
31295-1,31295,166.83,2023-08-27 17:26:35
31295-2,31295,113.36,2020-04-03 20:14:57
31295-3,31295,132.69,2022-05-01 07:03:49
31295-4,31295,67.02,2020-10-29 18:04:19
31295-5,31295,128.85,2022-09-24 18:55:32
31295-6,31295,114.99,2020-06-10 18:15:27
31295-7,31295,112.18,2020-01-31 20:35:52
31295-8,31295,94.48,2021-10-24 16:58:06
31295-9,31295,91.62,2023-05-31 17:43:09
31295-10,31295,118.81,2021-06-04 20:42:22
19290-1,19290,130.78,2020-10-27 16:16:34
19290-2,19290,122.12,2022-11-07 17:21:19
19290-3,19290,59.48,2020-08-08 18:05:53
19290-4,19290,148.34,2020-05-02 16:31:12
19290-5,19290,61.83,2022-07-25 17:42:54
19290-6,19290,153.5,2022-09-22 05:45:27
19290-7,19290,95.84,2020-10-30 20:55:54
19290-8,19290,54.21,2023-12-20 20:16:31
19290-9,19290,156.74,2022-02-15 19:40:33
19290-10,19290,46.46,2020-01-18 18:55:19
15303-1,15303,85.44,2023-07-27 17:31:49
15303-2,15303,32.23,2020-06-18 20:53:55
15303-3,15303,68.02,2022-11-01 18:34:35
15303-4,15303,93.54,2021-03-21 17:50:50
15303-5,15303,98.08,2022-07-09 18:58:59
15303-6,15303,63.3,2021-12-11 17:05:10
15303-7,15303,150.07,2022-04-16 20:49:42
15303-8,15303,128.31,2021-05-10 20:52:31
15303-9,15303,75.48,2020-10-08 18:13:11
15303-10,15303,88.7,2023-05-05 19:41:07
35988-1,35988,26.32,2022-09-20 19:07:53
35988-2,35988,134.07,2020-07-21 19:12:22
35988-3,35988,102.38,2022-07-18 16:37:42
35988-4,35988,137.29,2020-09-22 17:09:05
35988-5,35988,22.54,2022-10-10 20:17:10
35988-6,35988,71.71,2023-04-13 18:02:06
35988-7,35988,39.97,2021-09-08 01:54:13
35988-8,35988,28.9,2023-11-07 20:40:24
35988-9,35988,73.66,2020-12-12 19:41:06
35988-10,35988,26.85,2021-01-29 16:29:14
7352-1,7352,73.09,2021-11-29 16:34:14
7352-2,7352,34.27,2022-06-13 08:20:37
7352-3,7352,46.59,2023-08-26 16:23:48
7352-4,7352,65.46,2021-08-25 20:42:55
7352-5,7352,28.91,2020-09-04 17:54:57
7352-6,7352,121.81,2023-03-29 05:43:54
7352-7,7352,50.04,2023-05-12 22:57:45
7352-8,7352,30.75,2023-01-10 18:29:29
7352-9,7352,113.56,2020-04-15 20:50:18
7352-10,7352,107.08,2022-05-09 09:35:48
64162-1,64162,130.76,2021-02-05 06:17:23
64162-2,64162,149.61,2022-04-02 17:38:51
64162-3,64162,139.02,2020-08-09 16:23:58
64162-4,64162,122.29,2022-03-15 18:45:05
64162-5,64162,116.82,2023-02-22 18:38:10
64162-6,64162,130.29,2022-10-10 20:04:42
64162-7,64162,38.26,2020-05-22 20:06:09
64162-8,64162,49.75,2022-01-13 18:47:37
64162-9,64162,135.74,2022-04-13 18:18:23
64162-10,64162,105.35,2020-04-18 18:54:01
27737-1,27737,158.08,2022-05-21 17:46:00
27737-2,27737,107.54,2021-08-24 16:44:00
27737-3,27737,41.26,2022-09-21 17:24:00
27737-4,27737,40.28,2022-02-19 15:55:49
27737-5,27737,119.3,2022-05-12 18:10:56
27737-6,27737,102.98,2022-02-02 17:22:31
27737-7,27737,125.5,2022-09-01 20:30:09
27737-8,27737,144.79,2020-11-08 16:07:23
27737-9,27737,165.95,2020-10-24 18:30:37
27737-10,27737,117.77,2022-09-29 16:39:02
17671-1,17671,142.33,2020-10-20 22:59:20
17671-2,17671,121.92,2023-01-27 17:38:40
17671-3,17671,148.29,2020-12-27 00:23:14
17671-4,17671,44.85,2021-07-13 19:46:37
17671-5,17671,157.52,2023-10-24 19:07:53
17671-6,17671,67.92,2023-02-20 17:36:36
17671-7,17671,40.87,2023-08-03 18:09:03
17671-8,17671,155.72,2021-09-04 19:47:16
17671-9,17671,117.13,2021-05-28 19:52:53
17671-10,17671,57.19,2021-11-13 21:11:35
99156-1,99156,47.94,2023-10-07 07:17:12
99156-2,99156,32.02,2022-09-28 16:33:44
99156-3,99156,135.69,2022-10-22 19:40:44
99156-4,99156,44.24,2022-07-22 16:32:10
99156-5,99156,65.63,2022-01-22 20:33:27
99156-6,99156,54.43,2021-11-01 19:57:26
99156-7,99156,87.14,2020-11-21 05:26:59
99156-8,99156,139.46,2021-10-11 19:21:10
99156-9,99156,154.81,2023-07-12 11:41:13
99156-10,99156,98.67,2022-06-03 20:36:28
52093-1,52093,112.61,2023-09-30 16:06:34
52093-2,52093,158.31,2022-02-28 15:31:06
52093-3,52093,186.89,2022-08-19 10:53:52
52093-4,52093,68.97,2020-03-27 20:55:12
52093-5,52093,45.12,2020-11-16 18:14:04
52093-6,52093,80.35,2023-07-05 17:56:53
52093-7,52093,89.16,2023-02-02 19:12:03
52093-8,52093,135.86,2020-03-19 15:40:46
52093-9,52093,141.78,2021-12-06 09:34:12
52093-10,52093,42.09,2022-12-31 16:03:49
18341-1,18341,50.68,2023-05-07 19:46:46
18341-2,18341,132.69,2021-07-27 20:22:48
18341-3,18341,125.07,2020-05-17 19:26:40
18341-4,18341,105.35,2020-04-07 16:32:43
18341-5,18341,70.46,2023-06-29 14:25:28
18341-6,18341,146.48,2020-11-14 16:11:20
18341-7,18341,109.33,2020-05-25 18:40:50
18341-8,18341,122.76,2021-02-03 14:20:50
18341-9,18341,51.44,2023-01-04 16:05:37
18341-10,18341,55.32,2020-04-06 16:01:31
46429-1,46429,60.86,2023-09-20 17:22:11
46429-2,46429,34.4,2021-09-25 16:31:07
46429-3,46429,60.26,2020-06-10 17:28:11
46429-4,46429,75.28,2021-03-24 18:03:40
46429-5,46429,114.7,2020-07-07 10:39:59
46429-6,46429,162.22,2021-07-03 20:28:08
46429-7,46429,55.67,2023-06-30 19:47:14
46429-8,46429,142.82,2021-05-17 19:24:12
46429-9,46429,101.03,2020-11-01 17:35:12
46429-10,46429,75.95,2020-09-26 16:47:57
53040-1,53040,149.3,2020-03-05 04:00:29
53040-2,53040,122.97,2020-08-08 17:59:29
53040-3,53040,70.93,2022-10-10 18:08:27
53040-4,53040,80.31,2020-05-02 00:56:21
53040-5,53040,134.62,2022-11-19 18:26:18
53040-6,53040,53.0,2022-02-10 20:34:04
53040-7,53040,70.86,2023-09-29 18:16:16
53040-8,53040,100.12,2020-03-23 18:48:09
53040-9,53040,135.09,2020-09-06 17:47:59
53040-10,53040,166.18,2020-10-25 22:48:14
72074-1,72074,100.49,2022-06-04 17:56:00
72074-2,72074,39.4,2023-12-14 20:45:52
72074-3,72074,70.65,2021-12-01 16:10:02
72074-4,72074,63.48,2020-01-03 16:23:36
72074-5,72074,69.94,2020-11-05 19:08:08
72074-6,72074,82.49,2020-02-15 16:26:11
72074-7,72074,78.15,2022-01-30 18:35:00
72074-8,72074,68.56,2023-04-02 18:44:37
72074-9,72074,30.77,2022-05-25 17:41:49
72074-10,72074,105.34,2022-06-09 18:13:29
45144-1,45144,84.27,2021-09-25 17:00:48
45144-2,45144,98.51,2022-07-09 23:30:20
45144-3,45144,85.18,2023-05-31 17:16:05
45144-4,45144,36.99,2020-05-16 19:23:22
45144-5,45144,140.56,2021-04-22 18:55:14
45144-6,45144,72.71,2022-09-03 17:34:41
45144-7,45144,44.3,2023-04-17 18:07:17
45144-8,45144,105.05,2021-04-08 18:59:16
45144-9,45144,84.07,2023-01-27 17:40:08
45144-10,45144,113.15,2023-05-20 18:23:41
52170-1,52170,44.57,2023-03-20 16:56:37
52170-2,52170,45.74,2022-05-31 16:35:18
52170-3,52170,152.52,2021-09-02 16:22:34
52170-4,52170,69.12,2021-03-06 19:53:30
52170-5,52170,116.3,2020-08-01 19:21:58
52170-6,52170,166.2,2021-10-19 17:33:17
52170-7,52170,159.33,2020-10-19 19:13:55
52170-8,52170,155.62,2021-01-01 19:40:45
52170-9,52170,85.94,2020-10-09 20:53:24
52170-10,52170,151.28,2022-08-01 17:00:47
20605-1,20605,81.08,2022-09-30 19:33:04
20605-2,20605,172.57,2020-02-05 16:20:46
20605-3,20605,122.59,2023-07-17 17:02:24
20605-4,20605,91.57,2020-04-04 17:30:34
20605-5,20605,197.87,2020-07-29 16:45:05
20605-6,20605,65.66,2021-01-06 16:06:16
20605-7,20605,201.97,2023-06-20 10:54:40
20605-8,20605,104.89,2020-04-13 18:06:43
20605-9,20605,116.07,2022-05-01 17:40:28
20605-10,20605,65.59,2023-04-10 21:57:35
19632-1,19632,89.31,2020-09-02 19:19:04
19632-2,19632,110.13,2020-02-28 20:09:25
19632-3,19632,67.87,2022-08-01 16:08:41
19632-4,19632,97.76,2021-03-11 18:38:05
19632-5,19632,89.68,2020-05-17 19:48:52
19632-6,19632,139.01,2023-01-14 10:43:02
19632-7,19632,108.48,2021-05-11 19:21:56
19632-8,19632,164.6,2020-02-03 20:19:29
19632-9,19632,129.57,2021-08-05 19:15:14
19632-10,19632,141.66,2022-06-12 17:45:09
46266-1,46266,123.8,2020-03-05 17:58:51
46266-2,46266,97.86,2021-07-04 10:20:09
46266-3,46266,112.22,2023-08-24 04:13:41
46266-4,46266,60.98,2023-06-14 10:41:51
46266-5,46266,37.38,2022-06-24 16:59:15
46266-6,46266,53.46,2021-06-21 17:30:59
46266-7,46266,125.48,2020-03-17 19:40:56
46266-8,46266,79.15,2021-10-19 20:30:24
46266-9,46266,113.93,2023-12-05 05:09:32
46266-10,46266,31.99,2020-08-08 12:23:31
75789-1,75789,135.06,2023-12-31 18:14:06
75789-2,75789,83.28,2020-10-04 19:39:55
75789-3,75789,93.67,2020-04-03 05:53:27
75789-4,75789,123.15,2023-02-01 17:19:55
75789-5,75789,79.17,2020-12-03 18:05:39
75789-6,75789,97.74,2022-06-02 18:12:31
75789-7,75789,74.05,2023-08-06 18:11:19
75789-8,75789,117.08,2022-12-11 19:31:08
75789-9,75789,102.48,2023-05-23 19:46:58
75789-10,75789,63.89,2021-11-18 23:25:11
1995-1,1995,159.91,2023-09-25 20:38:02
1995-2,1995,54.69,2023-04-30 19:25:18
1995-3,1995,32.04,2023-07-20 20:16:23
1995-4,1995,36.74,2022-09-16 18:02:24
1995-5,1995,77.03,2021-08-20 17:49:31
1995-6,1995,81.76,2022-01-22 16:47:39
1995-7,1995,146.97,2021-10-08 19:58:02
1995-8,1995,150.53,2021-01-08 16:08:01
1995-9,1995,84.34,2020-07-25 18:51:28
1995-10,1995,154.94,2021-04-16 20:57:44
80711-1,80711,151.04,2023-02-27 23:04:45
80711-2,80711,42.32,2021-02-27 13:41:25
80711-3,80711,141.53,2020-04-02 00:17:58
80711-4,80711,105.81,2021-07-20 19:36:40
80711-5,80711,143.8,2022-05-17 20:04:41
80711-6,80711,63.67,2021-11-08 19:29:25
80711-7,80711,44.07,2023-02-27 21:40:04
80711-8,80711,71.55,2021-10-25 19:05:33
80711-9,80711,154.7,2021-10-29 07:50:14
80711-10,80711,108.7,2022-03-01 18:22:46
66950-1,66950,71.55,2021-07-29 17:26:34
66950-2,66950,72.58,2021-03-19 20:52:35
66950-3,66950,40.67,2021-01-01 19:34:06
66950-4,66950,110.22,2020-01-18 17:02:01
66950-5,66950,46.19,2022-08-30 06:52:38
66950-6,66950,145.9,2021-11-20 16:51:16
66950-7,66950,149.91,2023-11-23 16:40:52
66950-8,66950,86.73,2021-01-26 18:03:01
66950-9,66950,78.33,2021-11-03 14:49:10
66950-10,66950,36.0,2022-05-08 17:10:48
45419-1,45419,130.95,2020-07-04 16:04:02
45419-2,45419,164.57,2021-06-18 19:17:34
45419-3,45419,162.79,2023-05-28 18:04:42
45419-4,45419,70.86,2023-07-21 10:15:07
45419-5,45419,143.09,2022-11-26 19:54:50
45419-6,45419,90.72,2022-11-16 04:05:42
45419-7,45419,37.6,2023-11-25 22:14:06
45419-8,45419,127.95,2020-08-09 16:34:02
45419-9,45419,68.34,2021-07-29 19:48:13
45419-10,45419,150.69,2023-11-08 16:49:55
9870-1,9870,132.07,2022-08-31 17:13:35
9870-2,9870,102.96,2022-08-13 17:43:58
9870-3,9870,95.08,2021-01-15 00:35:39
9870-4,9870,83.07,2022-07-12 18:11:39
9870-5,9870,62.8,2023-05-03 19:51:43
9870-6,9870,99.92,2021-01-10 14:15:00
9870-7,9870,88.3,2023-01-25 18:34:32
9870-8,9870,157.4,2022-09-08 20:30:40
9870-9,9870,69.79,2021-10-22 08:24:30
9870-10,9870,105.15,2022-06-25 17:01:30
43046-1,43046,108.72,2023-05-04 07:05:03
43046-2,43046,89.57,2023-01-30 17:30:24
43046-3,43046,99.75,2022-12-18 04:47:34
43046-4,43046,86.87,2021-10-06 16:40:12
43046-5,43046,88.21,2022-12-30 19:39:28
43046-6,43046,59.6,2023-10-31 17:31:21
43046-7,43046,26.36,2021-12-02 16:23:44
43046-8,43046,114.5,2022-02-14 08:59:31
43046-9,43046,20.52,2021-06-07 16:12:27
43046-10,43046,53.96,2020-11-30 13:59:32
67073-1,67073,121.79,2023-10-10 19:08:09
67073-2,67073,66.24,2021-02-09 15:04:13
67073-3,67073,37.92,2020-11-02 16:48:49
67073-4,67073,45.52,2021-09-06 16:14:34
67073-5,67073,138.31,2020-03-21 17:39:35
67073-6,67073,116.02,2021-02-06 19:12:29
67073-7,67073,36.5,2022-12-29 18:30:13
67073-8,67073,125.16,2022-04-07 18:54:33
67073-9,67073,83.32,2021-04-06 19:34:47
67073-10,67073,144.31,2021-01-02 18:42:51
50294-1,50294,94.26,2023-04-15 08:46:23
50294-2,50294,152.02,2023-05-07 14:17:59
50294-3,50294,159.89,2023-06-25 16:10:52
50294-4,50294,136.83,2022-01-19 16:46:06
50294-5,50294,94.8,2023-09-02 17:25:23
50294-6,50294,119.75,2021-06-20 04:49:17
50294-7,50294,52.04,2023-09-25 18:58:14
50294-8,50294,175.85,2023-10-14 17:46:16
50294-9,50294,100.4,2020-09-29 18:50:11
50294-10,50294,132.81,2022-04-23 18:35:11
49270-1,49270,32.47,2023-10-07 17:56:05
49270-2,49270,114.68,2022-04-14 08:34:07
49270-3,49270,69.33,2023-04-22 19:31:04
49270-4,49270,48.86,2020-04-19 16:49:34
49270-5,49270,139.95,2020-07-04 19:52:13
49270-6,49270,135.96,2023-09-25 10:36:02
49270-7,49270,86.98,2020-07-11 09:19:50
49270-8,49270,75.67,2022-03-19 17:10:38
49270-9,49270,150.0,2021-05-03 20:50:08
49270-10,49270,105.06,2020-06-22 18:28:41
12537-1,12537,121.99,2021-02-12 18:40:03
12537-2,12537,172.95,2022-11-19 17:34:26
12537-3,12537,182.87,2021-05-14 17:21:27
12537-4,12537,69.54,2020-03-07 20:17:17
12537-5,12537,115.42,2021-11-14 17:56:46
12537-6,12537,171.08,2021-11-12 17:21:10
12537-7,12537,137.59,2022-10-19 19:58:14
12537-8,12537,169.59,2022-03-05 18:52:54
12537-9,12537,82.47,2021-04-10 11:06:36
12537-10,12537,73.77,2021-06-22 17:33:09
28970-1,28970,131.84,2023-07-14 16:17:17
28970-2,28970,30.04,2020-10-26 17:59:20
28970-3,28970,92.11,2023-03-14 16:40:32
28970-4,28970,88.09,2020-03-26 17:37:08
28970-5,28970,44.3,2021-08-25 19:22:45
28970-6,28970,129.81,2022-05-28 16:14:18
28970-7,28970,50.39,2021-06-28 17:02:51
28970-8,28970,50.75,2023-11-23 06:16:34
28970-9,28970,65.6,2023-12-07 17:10:14
28970-10,28970,104.44,2023-01-09 00:33:29
75210-1,75210,112.29,2022-12-23 10:44:47
75210-2,75210,46.39,2023-06-15 00:38:05
75210-3,75210,74.52,2022-01-05 17:20:00
75210-4,75210,171.2,2023-01-17 19:46:29
75210-5,75210,167.49,2023-04-05 19:46:08
75210-6,75210,102.22,2023-11-14 01:49:55
75210-7,75210,38.06,2020-09-03 20:22:51
75210-8,75210,100.61,2023-10-06 18:16:36
75210-9,75210,165.68,2022-10-29 19:14:33
75210-10,75210,167.56,2020-01-14 18:01:30
25747-1,25747,121.44,2023-11-28 17:28:18
25747-2,25747,152.24,2020-08-22 18:41:08
25747-3,25747,69.98,2021-04-20 16:44:21
25747-4,25747,81.35,2020-08-31 18:47:38
25747-5,25747,158.38,2021-02-22 03:18:35
25747-6,25747,123.74,2022-01-16 18:06:24
25747-7,25747,167.81,2022-02-28 07:10:43
25747-8,25747,59.94,2020-05-24 02:44:58
25747-9,25747,163.61,2021-08-18 13:53:50
25747-10,25747,70.5,2023-09-08 17:16:14
20519-1,20519,37.74,2020-04-21 16:45:46
20519-2,20519,62.33,2023-04-19 16:44:03
20519-3,20519,124.94,2022-02-21 18:40:47
20519-4,20519,123.81,2022-04-21 02:47:22
20519-5,20519,57.87,2021-01-20 19:11:33
20519-6,20519,45.82,2023-07-02 03:12:52
20519-7,20519,133.85,2020-09-12 17:25:54
20519-8,20519,116.03,2022-12-30 20:24:22
20519-9,20519,93.57,2022-11-14 20:24:32
20519-10,20519,104.23,2022-11-12 05:42:20
58109-1,58109,146.06,2022-08-12 05:48:23
58109-2,58109,63.98,2022-09-27 16:12:17
58109-3,58109,91.56,2022-02-24 16:33:21
58109-4,58109,31.27,2023-05-30 16:13:36
58109-5,58109,99.86,2023-03-03 16:31:44
58109-6,58109,116.33,2021-11-22 18:52:27
58109-7,58109,159.76,2020-08-10 18:32:15
58109-8,58109,100.65,2020-06-01 17:46:49
58109-9,58109,87.47,2022-02-18 16:04:49
58109-10,58109,73.46,2023-03-21 18:56:06
22214-1,22214,64.16,2021-11-24 22:23:41
22214-2,22214,99.97,2023-05-01 17:43:06
22214-3,22214,99.49,2020-01-13 19:34:11
22214-4,22214,130.89,2020-01-19 17:48:46
22214-5,22214,127.22,2021-08-11 16:50:38
22214-6,22214,128.31,2023-10-20 18:01:14
22214-7,22214,104.3,2022-04-11 17:45:46
22214-8,22214,33.55,2023-03-27 17:11:36
22214-9,22214,54.45,2020-01-06 21:23:57
22214-10,22214,94.46,2020-04-16 17:00:10
69510-1,69510,68.59,2021-02-05 08:46:01
69510-2,69510,45.23,2022-01-28 16:21:16
69510-3,69510,132.29,2020-02-12 03:58:34
69510-4,69510,74.25,2022-12-13 17:03:52
69510-5,69510,120.04,2022-11-14 16:54:16
69510-6,69510,146.88,2020-03-08 19:22:41
69510-7,69510,55.07,2020-05-03 22:49:12
69510-8,69510,79.91,2021-07-16 18:50:50
69510-9,69510,94.81,2020-12-18 03:13:31
69510-10,69510,50.33,2023-07-24 18:25:30
72275-1,72275,30.59,2023-10-28 19:33:48
72275-2,72275,129.74,2022-06-15 19:16:10
72275-3,72275,139.69,2021-04-23 04:49:08
72275-4,72275,74.38,2023-12-14 13:06:30
72275-5,72275,37.79,2022-03-03 18:56:02
72275-6,72275,140.19,2022-01-03 18:01:00
72275-7,72275,128.9,2020-07-04 20:41:46
72275-8,72275,50.85,2023-02-24 20:39:44
72275-9,72275,134.83,2021-05-16 18:16:50
72275-10,72275,86.98,2022-02-08 18:21:38
87683-1,87683,44.78,2021-10-06 14:34:48
87683-2,87683,182.57,2020-01-15 09:53:45
87683-3,87683,114.68,2022-09-02 17:52:53
87683-4,87683,191.59,2021-08-07 16:35:24
87683-5,87683,148.04,2022-08-15 20:25:41
87683-6,87683,59.26,2023-06-08 18:34:03
87683-7,87683,186.93,2021-12-06 05:20:00
87683-8,87683,138.27,2020-07-07 18:25:22
87683-9,87683,106.21,2023-04-15 17:24:39
87683-10,87683,134.28,2020-03-25 19:38:08
92087-1,92087,130.68,2021-09-17 20:35:52
92087-2,92087,152.91,2022-09-19 16:17:10
92087-3,92087,119.5,2020-03-07 14:20:42
92087-4,92087,100.49,2023-06-06 20:24:28
92087-5,92087,73.19,2022-04-09 18:22:19
92087-6,92087,174.62,2021-06-17 18:38:29
92087-7,92087,138.85,2022-01-16 17:59:26
92087-8,92087,108.32,2020-10-24 22:31:00
92087-9,92087,180.91,2021-04-16 23:02:35
92087-10,92087,161.81,2020-01-13 19:46:37
39159-1,39159,79.87,2021-12-09 18:39:08
39159-2,39159,176.24,2023-09-18 01:54:50
39159-3,39159,118.31,2023-10-08 18:38:18
39159-4,39159,150.84,2020-02-24 00:54:23
39159-5,39159,159.56,2021-04-14 18:54:15
39159-6,39159,135.2,2020-05-15 19:19:15
39159-7,39159,115.14,2023-08-11 20:59:20
39159-8,39159,139.68,2021-07-20 17:43:06
39159-9,39159,155.44,2022-07-06 19:25:42
39159-10,39159,41.81,2022-10-04 11:33:28
41703-1,41703,126.36,2020-12-09 17:04:55
41703-2,41703,44.02,2020-01-16 18:01:31
41703-3,41703,142.76,2021-01-19 08:30:51
41703-4,41703,162.72,2021-05-23 22:09:31
41703-5,41703,119.59,2021-07-22 18:24:34
41703-6,41703,108.37,2022-04-09 20:14:26
41703-7,41703,148.86,2020-06-18 17:52:27
41703-8,41703,67.9,2023-12-15 06:25:45
41703-9,41703,154.96,2020-09-15 19:13:17
41703-10,41703,164.7,2020-07-23 20:28:10
21481-1,21481,80.58,2023-05-17 20:02:59
21481-2,21481,28.79,2022-05-11 16:59:43
21481-3,21481,131.8,2022-08-24 05:27:00
21481-4,21481,43.54,2022-07-28 17:48:15
21481-5,21481,67.82,2022-11-07 20:25:47
21481-6,21481,112.29,2022-08-24 19:51:43
21481-7,21481,115.2,2021-09-08 17:07:42
21481-8,21481,70.86,2023-09-07 20:28:29
21481-9,21481,120.13,2020-05-26 18:28:45
21481-10,21481,91.81,2023-05-27 18:16:46
85543-1,85543,145.97,2021-04-18 20:41:50
85543-2,85543,154.84,2023-08-25 16:41:26
85543-3,85543,188.68,2023-12-06 18:54:05
85543-4,85543,112.45,2020-07-12 04:42:37
85543-5,85543,50.28,2023-11-15 19:47:55
85543-6,85543,178.91,2023-07-04 07:01:15
85543-7,85543,145.43,2021-03-17 20:57:48
85543-8,85543,197.13,2023-03-02 18:02:53
85543-9,85543,157.25,2023-07-02 20:13:18
85543-10,85543,118.96,2021-08-27 17:53:20
17423-1,17423,138.24,2020-04-24 16:52:21
17423-2,17423,47.43,2022-08-19 17:34:57
17423-3,17423,63.54,2020-08-28 16:26:20
17423-4,17423,79.33,2021-10-16 04:07:08
17423-5,17423,119.7,2022-09-19 16:01:40
17423-6,17423,131.35,2020-05-27 23:36:19
17423-7,17423,64.19,2022-11-06 04:20:15
17423-8,17423,158.26,2020-02-10 19:18:41
17423-9,17423,150.01,2022-11-19 20:35:02
17423-10,17423,56.74,2020-02-24 18:59:18
75150-1,75150,133.78,2022-06-10 18:54:33
75150-2,75150,24.01,2020-07-01 20:46:40
75150-3,75150,114.97,2020-09-25 04:40:16
75150-4,75150,92.88,2020-04-09 19:18:42
75150-5,75150,54.49,2023-09-30 14:14:50
75150-6,75150,126.7,2023-12-15 18:09:34
75150-7,75150,45.37,2020-09-27 11:33:45
75150-8,75150,121.71,2021-05-20 04:58:40
75150-9,75150,112.76,2021-12-19 20:54:47
75150-10,75150,38.39,2020-12-28 18:45:05
42177-1,42177,46.54,2020-03-17 18:36:09
42177-2,42177,108.39,2021-03-28 18:11:40
42177-3,42177,67.7,2023-10-10 21:35:39
42177-4,42177,127.94,2022-08-08 14:12:45
42177-5,42177,25.85,2023-07-08 19:46:55
42177-6,42177,75.88,2022-10-22 18:09:33
42177-7,42177,35.26,2021-06-28 16:46:58
42177-8,42177,53.33,2020-06-02 17:52:04
42177-9,42177,83.03,2020-09-02 16:16:40
42177-10,42177,43.52,2023-04-23 12:40:24
42910-1,42910,139.94,2021-10-15 16:29:30
42910-2,42910,137.32,2022-12-07 20:06:49
42910-3,42910,93.89,2023-12-10 16:24:32
42910-4,42910,47.88,2022-08-02 18:10:13
42910-5,42910,25.34,2022-04-27 20:03:16
42910-6,42910,27.57,2022-12-28 17:26:12
42910-7,42910,60.12,2023-08-24 18:50:09
42910-8,42910,102.74,2020-03-22 19:45:01
42910-9,42910,29.67,2023-04-17 17:55:37
42910-10,42910,28.5,2020-06-12 18:09:00
23865-1,23865,59.28,2023-07-21 19:52:53
23865-2,23865,40.22,2022-03-31 20:20:56
23865-3,23865,111.5,2023-12-24 08:22:41
23865-4,23865,34.37,2020-06-30 16:36:17
23865-5,23865,56.13,2021-03-30 19:30:28
23865-6,23865,81.91,2020-06-11 20:33:43
23865-7,23865,31.27,2022-02-18 16:41:33
23865-8,23865,40.81,2022-01-14 02:42:14
23865-9,23865,54.42,2021-06-04 19:08:02
23865-10,23865,95.45,2021-06-13 07:53:37
78323-1,78323,96.33,2022-10-07 01:40:11
78323-2,78323,43.11,2022-05-29 20:08:10
78323-3,78323,44.39,2021-03-12 20:42:44
78323-4,78323,39.92,2023-05-23 22:49:25
78323-5,78323,52.35,2021-08-22 18:28:14
78323-6,78323,46.63,2021-05-14 20:51:00
78323-7,78323,96.51,2020-04-07 19:24:57
78323-8,78323,86.95,2020-12-12 03:58:21
78323-9,78323,64.63,2023-11-01 19:07:51
78323-10,78323,27.45,2021-12-17 18:43:37
43582-1,43582,117.72,2020-12-01 20:15:55
43582-2,43582,101.2,2022-06-22 20:24:22
43582-3,43582,88.27,2020-03-02 17:35:48
43582-4,43582,83.89,2023-01-18 10:18:01
43582-5,43582,64.2,2021-01-12 18:58:37
43582-6,43582,104.46,2023-04-05 20:18:57
43582-7,43582,45.02,2022-09-21 05:28:28
43582-8,43582,27.06,2021-05-01 19:38:56
43582-9,43582,99.37,2021-11-29 17:28:33
43582-10,43582,69.59,2022-08-31 18:55:07
40697-1,40697,120.45,2023-12-20 15:01:05
40697-2,40697,84.68,2020-03-17 20:30:05
40697-3,40697,63.45,2022-05-12 01:45:28
40697-4,40697,139.35,2023-01-13 19:43:31
40697-5,40697,78.16,2021-09-20 16:56:19
40697-6,40697,59.4,2020-12-05 19:21:08
40697-7,40697,156.28,2020-12-23 12:38:04
40697-8,40697,140.8,2022-11-19 12:00:15
40697-9,40697,103.83,2023-06-05 07:45:52
40697-10,40697,144.93,2023-09-06 00:35:09
57178-1,57178,114.23,2023-02-16 16:43:08
57178-2,57178,134.91,2021-09-18 17:43:25
57178-3,57178,60.7,2021-08-18 17:55:28
57178-4,57178,90.36,2023-10-08 19:52:48
57178-5,57178,129.93,2022-02-16 18:12:48
57178-6,57178,110.11,2023-08-08 19:36:57
57178-7,57178,63.51,2021-11-14 20:37:25
57178-8,57178,95.22,2020-11-13 10:19:18
57178-9,57178,52.68,2022-11-15 19:44:44
57178-10,57178,114.61,2020-10-08 19:23:12
49697-1,49697,32.56,2020-12-12 19:44:53
49697-2,49697,45.88,2022-06-27 19:29:43
49697-3,49697,90.88,2022-06-15 18:16:24
49697-4,49697,134.47,2020-05-18 23:32:12
49697-5,49697,85.21,2021-12-22 17:13:35
49697-6,49697,86.38,2021-02-20 06:35:46
49697-7,49697,105.32,2021-12-30 18:17:06
49697-8,49697,63.25,2020-08-22 17:46:54
49697-9,49697,28.09,2021-12-08 17:25:36
49697-10,49697,117.76,2023-07-03 18:01:42
17034-1,17034,138.85,2023-06-22 13:38:07
17034-2,17034,60.53,2021-01-31 17:20:11
17034-3,17034,53.27,2022-10-27 01:08:08
17034-4,17034,88.9,2023-07-03 16:22:27
17034-5,17034,89.48,2023-05-06 23:57:22
17034-6,17034,54.09,2022-11-15 20:08:44
17034-7,17034,127.04,2023-05-01 01:31:32
17034-8,17034,130.4,2023-10-19 17:56:40
17034-9,17034,83.69,2022-12-29 18:06:43
17034-10,17034,92.53,2021-07-30 20:51:51
18988-1,18988,38.21,2020-12-13 20:39:58
18988-2,18988,50.61,2023-10-11 21:41:17
18988-3,18988,140.49,2021-05-31 17:52:33
18988-4,18988,26.38,2020-12-16 18:57:30
18988-5,18988,96.62,2023-10-27 19:12:50
18988-6,18988,137.35,2021-09-25 16:46:37
18988-7,18988,112.97,2021-07-03 18:16:47
18988-8,18988,39.24,2020-05-11 16:26:44
18988-9,18988,126.82,2020-10-13 06:39:03
18988-10,18988,121.5,2023-10-20 16:09:46
44839-1,44839,124.06,2021-05-02 22:07:36
44839-2,44839,148.7,2022-02-17 17:19:15
44839-3,44839,114.0,2020-12-14 19:08:14
44839-4,44839,133.85,2021-06-26 18:35:26
44839-5,44839,36.42,2021-05-19 20:52:05
44839-6,44839,119.13,2021-03-19 19:49:34
44839-7,44839,38.07,2023-03-18 18:03:48
44839-8,44839,64.47,2022-07-09 20:00:26
44839-9,44839,59.53,2022-02-22 17:03:17
44839-10,44839,64.26,2022-11-23 17:47:13
17275-1,17275,102.16,2021-03-03 18:15:33
17275-2,17275,105.67,2021-10-07 16:27:27
17275-3,17275,59.83,2020-05-26 20:57:00
17275-4,17275,70.38,2020-05-02 16:51:48
17275-5,17275,168.11,2022-11-02 20:48:35
17275-6,17275,75.77,2022-06-10 19:46:45
17275-7,17275,77.67,2022-01-06 00:23:39
17275-8,17275,57.79,2023-12-02 07:53:45
17275-9,17275,93.36,2022-12-21 23:25:35
17275-10,17275,60.19,2020-12-08 00:23:38
35264-1,35264,134.19,2021-04-03 20:00:09
35264-2,35264,126.34,2020-04-01 05:25:28
35264-3,35264,189.64,2020-12-12 16:32:27
35264-4,35264,81.39,2023-05-01 08:33:14
35264-5,35264,51.76,2022-08-01 18:59:57
35264-6,35264,126.15,2023-10-29 17:52:25
35264-7,35264,164.39,2021-12-17 19:46:38
35264-8,35264,127.19,2020-09-14 16:58:23
35264-9,35264,75.24,2022-07-28 20:01:20
35264-10,35264,64.44,2021-11-28 20:59:48
54518-1,54518,97.48,2022-09-29 06:22:04
54518-2,54518,49.11,2021-10-08 18:35:09
54518-3,54518,109.43,2020-02-21 20:54:36
54518-4,54518,125.33,2023-09-29 18:59:16
54518-5,54518,107.8,2022-09-15 18:10:52
54518-6,54518,101.44,2022-08-14 20:22:15
54518-7,54518,74.95,2022-05-12 02:23:38
54518-8,54518,87.89,2022-06-10 17:02:13
54518-9,54518,58.61,2023-12-20 17:17:16
54518-10,54518,52.48,2022-07-11 16:44:00
49280-1,49280,53.43,2021-09-20 18:48:43
49280-2,49280,128.66,2023-04-09 20:35:14
49280-3,49280,184.01,2021-05-22 16:29:14
49280-4,49280,128.58,2020-10-22 15:58:34
49280-5,49280,93.4,2021-02-06 18:35:50
49280-6,49280,126.16,2020-03-20 17:47:05
49280-7,49280,40.96,2021-05-22 17:20:15
49280-8,49280,112.71,2020-12-03 20:40:33
49280-9,49280,122.49,2023-12-25 17:45:13
49280-10,49280,146.46,2023-05-12 19:07:16
19518-1,19518,114.31,2020-06-09 19:20:22
19518-2,19518,33.12,2021-01-22 08:45:37
19518-3,19518,146.88,2020-11-24 20:31:44
19518-4,19518,59.28,2020-07-20 17:39:43
19518-5,19518,75.48,2021-08-09 18:57:20
19518-6,19518,150.27,2023-05-04 09:27:03
19518-7,19518,40.64,2022-04-30 20:06:40
19518-8,19518,139.15,2020-08-10 01:06:49
19518-9,19518,56.85,2023-10-12 19:38:39
19518-10,19518,105.31,2020-02-17 18:42:20
47111-1,47111,41.72,2021-12-22 00:21:40
47111-2,47111,154.22,2022-01-09 17:05:29
47111-3,47111,118.4,2020-12-26 02:53:59
47111-4,47111,69.32,2021-01-25 16:02:48
47111-5,47111,33.11,2020-12-12 20:30:34
47111-6,47111,64.52,2023-12-17 17:21:00
47111-7,47111,117.52,2021-10-14 19:07:43
47111-8,47111,157.52,2021-11-14 17:41:10
47111-9,47111,109.12,2022-10-10 19:08:44
47111-10,47111,44.75,2021-12-14 17:29:33
53952-1,53952,94.15,2020-04-14 15:10:01
53952-2,53952,52.5,2022-04-08 18:08:06
53952-3,53952,159.31,2023-10-17 23:50:19
53952-4,53952,116.65,2022-08-20 19:04:11
53952-5,53952,124.69,2023-07-09 15:06:23
53952-6,53952,161.78,2020-07-31 18:57:07
53952-7,53952,92.88,2020-12-12 20:01:50
53952-8,53952,41.51,2023-09-11 18:55:13
53952-9,53952,123.46,2020-11-18 18:29:30
53952-10,53952,91.91,2021-02-03 19:15:30
8666-1,8666,114.36,2023-11-08 20:53:49
8666-2,8666,193.3,2021-06-14 13:35:43
8666-3,8666,180.15,2020-12-08 15:55:26
8666-4,8666,196.33,2023-10-16 20:27:00
8666-5,8666,101.72,2022-11-08 20:58:12
8666-6,8666,67.98,2021-08-10 17:39:16
8666-7,8666,184.22,2020-09-02 19:39:02
8666-8,8666,143.32,2021-08-10 19:47:16
8666-9,8666,107.75,2020-01-19 18:51:49
8666-10,8666,145.74,2022-08-11 19:49:08
56995-1,56995,154.58,2022-03-25 20:48:05
56995-2,56995,127.31,2020-02-12 03:58:39
56995-3,56995,66.77,2021-06-01 19:16:11
56995-4,56995,54.02,2022-02-08 16:05:02
56995-5,56995,42.71,2022-03-21 20:50:41
56995-6,56995,116.97,2020-05-28 16:14:26
56995-7,56995,153.59,2021-12-05 12:02:14
56995-8,56995,68.8,2021-02-27 16:19:10
56995-9,56995,40.77,2021-07-26 18:23:04
56995-10,56995,110.15,2022-08-08 17:43:11
82296-1,82296,80.2,2021-09-01 23:14:39
82296-2,82296,61.64,2020-04-14 17:10:40
82296-3,82296,29.59,2021-06-17 15:50:32
82296-4,82296,33.21,2021-02-24 19:23:36
82296-5,82296,125.55,2022-04-04 14:30:19
82296-6,82296,30.01,2020-06-28 17:45:58
82296-7,82296,81.84,2022-07-09 10:49:53
82296-8,82296,35.1,2021-04-04 15:18:14
82296-9,82296,50.75,2020-08-04 17:26:25
82296-10,82296,36.59,2023-09-20 17:32:38
62193-1,62193,51.87,2020-02-01 13:35:13
62193-2,62193,168.09,2021-05-27 18:18:17
62193-3,62193,75.52,2023-10-11 13:49:19
62193-4,62193,90.82,2021-01-17 16:09:19
62193-5,62193,133.6,2020-01-03 17:17:50
62193-6,62193,63.46,2022-07-20 20:22:21
62193-7,62193,87.02,2023-12-03 18:01:16
62193-8,62193,162.37,2023-02-25 17:58:04
62193-9,62193,158.53,2022-10-20 18:04:38
62193-10,62193,144.06,2023-03-25 16:48:04
37427-1,37427,134.74,2022-07-10 18:04:02
37427-2,37427,32.43,2021-10-22 20:49:24
37427-3,37427,141.7,2023-09-21 12:20:59
37427-4,37427,62.28,2023-09-22 20:23:55
37427-5,37427,99.52,2023-07-13 19:10:32
37427-6,37427,69.74,2020-06-17 16:20:41
37427-7,37427,150.34,2021-02-22 19:25:49
37427-8,37427,73.65,2022-08-12 19:39:09
37427-9,37427,126.01,2021-06-19 08:40:56
37427-10,37427,55.57,2020-11-26 19:58:43
38565-1,38565,98.03,2022-11-05 18:52:57
38565-2,38565,39.87,2023-09-27 18:38:24
38565-3,38565,75.92,2021-07-11 18:47:38
38565-4,38565,144.31,2020-06-22 18:06:14
38565-5,38565,146.37,2020-05-21 17:05:29
38565-6,38565,82.43,2023-04-12 09:30:17
38565-7,38565,58.19,2021-09-16 17:35:15
38565-8,38565,139.21,2022-05-17 17:56:50
38565-9,38565,182.12,2020-05-23 19:37:58
38565-10,38565,40.7,2023-01-25 18:29:09
9037-1,9037,101.66,2023-08-25 19:21:48
9037-2,9037,142.54,2022-05-19 12:05:26
9037-3,9037,104.97,2021-02-25 04:06:37
9037-4,9037,66.51,2021-08-31 20:36:02
9037-5,9037,42.51,2021-09-29 05:51:53
9037-6,9037,33.67,2022-09-15 17:26:21
9037-7,9037,119.97,2020-02-11 04:30:22
9037-8,9037,128.56,2022-06-02 20:18:14
9037-9,9037,73.42,2022-07-20 09:27:35
9037-10,9037,151.64,2023-01-26 20:07:09
68969-1,68969,94.69,2022-03-19 20:25:16
68969-2,68969,127.33,2020-08-21 18:29:11
68969-3,68969,24.34,2020-05-17 19:42:06
68969-4,68969,126.22,2023-05-31 15:42:43
68969-5,68969,54.6,2023-05-13 20:05:32
68969-6,68969,85.92,2020-04-07 22:50:55
68969-7,68969,82.51,2021-03-07 16:50:34
68969-8,68969,65.03,2021-06-25 20:45:49
68969-9,68969,118.1,2022-04-14 14:49:29
68969-10,68969,53.1,2021-04-06 17:37:02
